n_cells,n_genes,n_tfs,ground_truth_activation_prob,ground_truth_inactivation_prob,include_tfs_in_expression,min_num_of_targets_per_tf,max_num_of_targets_per_tf,prediction_difficulty,missing_percentage,random_seed,distribution_type,auc_viper,auc_mlm,auc_kale
2500,3000,200,0.2,0.2,False,50,200,medium,40,134,negative_binomial,0.8644176790420413,0.8634229999322554,0.5411312408782813
2500,3000,200,0.2,0.05,False,15,80,medium,60,181,negative_binomial,0.9418417655090103,0.9418109772632811,0.7449067200932981
2500,3000,200,0.1,0.1,False,50,300,hard,60,145,negative_binomial,0.8988656440415703,0.9316394929413825,0.7541739529731428
10000,3000,200,0.1,0.1,True,20,150,medium,50,175,negative_binomial,0.9656488303032854,0.9705778750819996,0.8275562532128607
2500,3000,200,0.2,0.2,False,10,100,hard,60,26,negative_binomial,0.8431696244188004,0.8557791509301687,0.7515452724421899
2500,3000,200,0.1,0.1,False,10,100,easy,20,108,normal,0.999119230255831,0.9998816730070683,0.9994729937607095
2500,3000,200,0.1,0.1,False,8,40,hard,90,723,normal,0.5629441315299679,0.5830304578576799,0.7147657583147298
